<?xml version="1.0" encoding="UTF-8"?>
<project version="4">
  <component name="BookmarksTool">
    <option name="myTreeState">
      <TreeState />
    </option>
  </component>
  <component name="ChangeListManager">
    <list default="true" id="baf14187-96f1-4a13-a937-a093bb4f9130" name="Default Changelist" comment="" />
    <option name="EXCLUDED_CONVERTED_TO_IGNORED" value="true" />
    <option name="SHOW_DIALOG" value="false" />
    <option name="HIGHLIGHT_CONFLICTS" value="true" />
    <option name="HIGHLIGHT_NON_ACTIVE_CHANGELIST" value="false" />
    <option name="LAST_RESOLUTION" value="IGNORE" />
  </component>
  <component name="ConsoleHistory">
    <option name="tabs">
      <list>
        <TabState>
          <option name="title" value="Console" />
          <tab>
            <model ref="b1c5e3dc-9013-4e88-b39a-7a766f572cc3/r:664426fb-88d1-4adf-9d0c-f80107823d3f(TempModuleb1c5e3dc-9013-4e88-b39a-7a766f572cc3/TempModel_37366352914124)">
              <persistence version="9" />
              <languages>
                <devkit ref="70d3d6da-af63-483d-a75f-9c8acf8de332(jetbrains.mps.console.devkit)" />
              </languages>
              <imports />
              <registry>
                <language id="de1ad86d-6e50-4a02-b306-d4d17f64c375" name="jetbrains.mps.console.base">
                  <concept id="1583916890557930028" name="jetbrains.mps.console.base.structure.ConsoleRoot" flags="ng" index="aymSD">
                    <child id="1583916890557930415" name="history" index="aymYE" />
                    <child id="1583916890557930417" name="commandHolder" index="aymYO" />
                    <child id="9025248442620242919" name="cursor" index="1PhJh3" />
                  </concept>
                  <concept id="5758176878586720817" name="jetbrains.mps.console.base.structure.CommandHolderRef" flags="ng" index="2_V_lH">
                    <reference id="5758176878586720818" name="target" index="2_V_lI" />
                  </concept>
                  <concept id="351968380916615243" name="jetbrains.mps.console.base.structure.CommandHolder" flags="ng" index="2Clz$F" />
                  <concept id="757553790980850366" name="jetbrains.mps.console.base.structure.History" flags="ng" index="3balQm" />
                </language>
              </registry>
              <node concept="aymSD" id="1tJ8QAI90zF">
                <node concept="3balQm" id="1tJ8QAI90zG" role="aymYE" />
                <node concept="2Clz$F" id="1tJ8QAI90zH" role="aymYO" />
                <node concept="2_V_lH" id="1tJ8QAI90zI" role="1PhJh3">
                  <ref role="2_V_lI" node="1tJ8QAI90zH" resolve="CommandHolder" />
                </node>
              </node>
            </model>
          </tab>
        </TabState>
      </list>
    </option>
  </component>
  <component name="DefaultSearchOptions3">
    <search_options>
      <finders>
        <finders />
      </finders>
      <scope>
        <scope_type scope_type="PROJECT" module="&lt;default&gt;" model="&lt;default&gt;" />
      </scope>
      <view>
        <flags show_one_result="true" new_tab="false" />
      </view>
    </search_options>
  </component>
  <component name="FileEditorManager">
    <leaf SIDE_TABS_SIZE_LIMIT_KEY="300">
      <file pinned="false" current-in-tab="false">
        <entry file="mps://node://haytham.projet.calculatrice.sandbox/haytham.projet.calculatrice.sandbox.sandbox/monSalaire">
          <provider selected="true" editor-type-id="MPSFileEditor">
            <state class="jetbrains.mps.ide.editor.BaseNodeEditor$BaseEditorState">
              <memento saveSessionState="false" viewPositionX="0" viewPositionY="0">
                <selectionStack>
                  <stackElement className="jetbrains.mps.nodeEditor.selection.EditorCellLabelSelection">
                    <property name="hasNonTrivialSelection" value="false" />
                    <property name="caretX" value="131" />
                    <property name="caretXRelative" value="64" />
                    <property name="sideSelectDirection" value="NONE" />
                    <cellInfo cellId="property_name">
                      <node node_reference="r:1ce92b75-a0c5-43f1-a14e-cfe3b58c4978(haytham.projet.calculatrice.sandbox.sandbox)/1241370251129" />
                    </cellInfo>
                  </stackElement>
                </selectionStack>
                <errorMarkers />
                <transactionalProperties />
                <foldable />
                <restoreAlways />
              </memento>
              <inspectorMemento currentlyEditedNode="r:fb9e85a1-15cf-45ea-8495-bd74b79ce90e(haytham.projet.calculatrice.editor)/1241362569578" saveSessionState="false" viewPositionX="0" viewPositionY="0">
                <selectionStack />
                <errorMarkers />
                <transactionalProperties />
                <foldable />
                <restoreAlways />
                <enabledHints />
              </inspectorMemento>
            </state>
          </provider>
        </entry>
      </file>
      <file pinned="false" current-in-tab="true">
        <entry file="mps://node://haytham.projet.calculatrice/haytham.projet.calculatrice.structure/Calculator">
          <provider selected="true" editor-type-id="MPSFileEditor">
            <state class="jetbrains.mps.ide.editor.tabs.TabbedEditor$TabbedEditorState">
              <memento saveSessionState="false" viewPositionX="0" viewPositionY="0">
                <selectionStack>
                  <stackElement className="jetbrains.mps.nodeEditor.selection.EditorCellLabelSelection">
                    <property name="hasNonTrivialSelection" value="false" />
                    <property name="caretX" value="327" />
                    <property name="caretXRelative" value="80" />
                    <property name="sideSelectDirection" value="NONE" />
                    <cellInfo cellId="property_name">
                      <node node_reference="r:fb9e85a1-15cf-45ea-8495-bd74b79ce90e(haytham.projet.calculatrice.editor)/1241362569578" />
                    </cellInfo>
                  </stackElement>
                </selectionStack>
                <errorMarkers />
                <transactionalProperties />
                <foldable />
                <restoreAlways />
              </memento>
              <inspectorMemento currentlyEditedNode="r:fb9e85a1-15cf-45ea-8495-bd74b79ce90e(haytham.projet.calculatrice.editor)/1241362569578" saveSessionState="false" viewPositionX="0" viewPositionY="0">
                <selectionStack />
                <errorMarkers />
                <transactionalProperties />
                <foldable />
                <restoreAlways />
                <enabledHints />
              </inspectorMemento>
              <node node_ref="r:fb9e85a1-15cf-45ea-8495-bd74b79ce90e(haytham.projet.calculatrice.editor)/1241362569578" />
            </state>
          </provider>
        </entry>
      </file>
    </leaf>
  </component>
  <component name="MPSBookmarkManager">
    <option name="myBookmarkInfos">
      <array>
        <BookmarkInfo />
        <BookmarkInfo />
        <BookmarkInfo />
        <BookmarkInfo />
        <BookmarkInfo />
        <BookmarkInfo />
        <BookmarkInfo />
        <BookmarkInfo />
        <BookmarkInfo />
        <BookmarkInfo />
      </array>
    </option>
  </component>
  <component name="MessagesViewTool">
    <option name="defaultListState">
      <MessageListState>
        <option name="autoscrollToSource" value="true" />
        <option name="info" value="true" />
        <option name="warnings" value="true" />
      </MessageListState>
    </option>
  </component>
  <component name="ProjectFrameBounds" extendedState="6">
    <option name="x" value="800" />
    <option name="y" value="27" />
    <option name="width" value="800" />
    <option name="height" value="873" />
  </component>
  <component name="ProjectPluginManager">
    <option name="pluginsState">
      <option name="jetbrains.mps.baseLanguage.lightweightdsl.pluginSolution.plugin.PluginSolution_ProjectPlugin">
        <value>
          <PluginState />
        </value>
      </option>
      <option name="jetbrains.mps.editor.contextActionsTool.pluginSolution.plugin.PluginSolution_ProjectPlugin">
        <value>
          <PluginState />
        </value>
      </option>
      <option name="jetbrains.mps.execution.configurations.implementation.plugin.plugin.Plugin_ProjectPlugin">
        <value>
          <PluginState />
        </value>
      </option>
      <option name="jetbrains.mps.execution.configurations.pluginSolution.plugin.PluginSolution_ProjectPlugin">
        <value>
          <PluginState />
        </value>
      </option>
      <option name="jetbrains.mps.ide.actions.Ide_ProjectPlugin">
        <value>
          <PluginState>
            <option name="myComponentsState">
              <list>
                <ComponentState>
                  <option name="first" value="jetbrains.mps.ide.actions.BehaviorDialogsPersistentOptions_PreferencesComponent" />
                  <params>
                    <option name="addReturnsOnImplement" value="false" />
                    <option name="sortAlphabetically" value="false" />
                    <option name="removeAttributes" value="true" />
                  </params>
                </ComponentState>
              </list>
            </option>
          </PluginState>
        </value>
      </option>
      <option name="jetbrains.mps.ide.devkit.actions.Mpsdevkit_ProjectPlugin">
        <value>
          <PluginState />
        </value>
      </option>
      <option name="jetbrains.mps.ide.make.actions.Make_ProjectPlugin">
        <value>
          <PluginState />
        </value>
      </option>
      <option name="jetbrains.mps.vcs.mergehints.plugin.plugin.Plugin_ProjectPlugin">
        <value>
          <PluginState />
        </value>
      </option>
    </option>
  </component>
  <component name="ProjectView">
    <navigator proportions="" version="1">
      <foldersAlwaysOnTop value="true" />
    </navigator>
    <panes>
      <pane id="FileSystem" />
      <pane id="Favorites" />
      <pane id="ProjectPane">
        <subPane>
          <PATH>
            <PATH_ELEMENT>
              <option name="myItemId" value="Project" />
              <option name="myItemType" value="" />
            </PATH_ELEMENT>
            <PATH_ELEMENT>
              <option name="myItemId" value="26b3d6d5-b99a-4ed6-83be-d2ea6f3627a1(haytham.projet.calculatrice)" />
              <option name="myItemType" value="" />
            </PATH_ELEMENT>
            <PATH_ELEMENT>
              <option name="myItemId" value="r:87765d2d-a756-4883-9acc-6a42e5bf6c23(haytham.projet.calculatrice.structure) in IdeaFile[file:///home/haytham/MPSProjects/Calculatrice/languages/calculator/languageModels/haytham.projet.calculatrice.structure.mps]" />
              <option name="myItemType" value="" />
            </PATH_ELEMENT>
          </PATH>
          <PATH>
            <PATH_ELEMENT>
              <option name="myItemId" value="Project" />
              <option name="myItemType" value="" />
            </PATH_ELEMENT>
            <PATH_ELEMENT>
              <option name="myItemId" value="d61ee4a2-13e3-444d-80bd-e6ecf8be46d5" />
              <option name="myItemType" value="" />
            </PATH_ELEMENT>
            <PATH_ELEMENT>
              <option name="myItemId" value="haytham" />
              <option name="myItemType" value="" />
            </PATH_ELEMENT>
            <PATH_ELEMENT>
              <option name="myItemId" value="r:1ce92b75-a0c5-43f1-a14e-cfe3b58c4978(haytham.projet.calculatrice.sandbox.sandbox) in IdeaFile[file:///home/haytham/MPSProjects/Calculatrice/solutions/haytham.projet.calculatrice.sandbox/jetbrains/haytham.projet.calculatrice.sandbox.sandbox.mps]" />
              <option name="myItemType" value="" />
            </PATH_ELEMENT>
          </PATH>
          <PATH>
            <PATH_ELEMENT>
              <option name="myItemId" value="Project" />
              <option name="myItemType" value="" />
            </PATH_ELEMENT>
            <PATH_ELEMENT>
              <option name="myItemId" value="26b3d6d5-b99a-4ed6-83be-d2ea6f3627a1(haytham.projet.calculatrice)" />
              <option name="myItemType" value="" />
            </PATH_ELEMENT>
            <PATH_ELEMENT>
              <option name="myItemId" value="haytham.projet.calculatrice#1241363159626" />
              <option name="myItemType" value="" />
            </PATH_ELEMENT>
          </PATH>
          <PATH>
            <PATH_ELEMENT>
              <option name="myItemId" value="Modules Pool" />
              <option name="myItemType" value="" />
            </PATH_ELEMENT>
          </PATH>
          <PATH>
            <PATH_ELEMENT>
              <option name="myItemId" value="Project" />
              <option name="myItemType" value="" />
            </PATH_ELEMENT>
            <PATH_ELEMENT>
              <option name="myItemId" value="26b3d6d5-b99a-4ed6-83be-d2ea6f3627a1(haytham.projet.calculatrice)" />
              <option name="myItemType" value="" />
            </PATH_ELEMENT>
            <PATH_ELEMENT>
              <option name="myItemId" value="r:fb9e85a1-15cf-45ea-8495-bd74b79ce90e(haytham.projet.calculatrice.editor) in IdeaFile[file:///home/haytham/MPSProjects/Calculatrice/languages/calculator/languageModels/haytham.projet.calculatrice.editor.mps]" />
              <option name="myItemType" value="" />
            </PATH_ELEMENT>
          </PATH>
          <PATH>
            <PATH_ELEMENT>
              <option name="myItemId" value="Project" />
              <option name="myItemType" value="" />
            </PATH_ELEMENT>
            <PATH_ELEMENT>
              <option name="myItemId" value="d61ee4a2-13e3-444d-80bd-e6ecf8be46d5" />
              <option name="myItemType" value="" />
            </PATH_ELEMENT>
            <PATH_ELEMENT>
              <option name="myItemId" value="haytham" />
              <option name="myItemType" value="" />
            </PATH_ELEMENT>
          </PATH>
          <PATH>
            <PATH_ELEMENT>
              <option name="myItemId" value="Project" />
              <option name="myItemType" value="" />
            </PATH_ELEMENT>
            <PATH_ELEMENT>
              <option name="myItemId" value="26b3d6d5-b99a-4ed6-83be-d2ea6f3627a1(haytham.projet.calculatrice)" />
              <option name="myItemType" value="" />
            </PATH_ELEMENT>
            <PATH_ELEMENT>
              <option name="myItemId" value="haytham.projet.calculatrice#1241363159626" />
              <option name="myItemType" value="" />
            </PATH_ELEMENT>
            <PATH_ELEMENT>
              <option name="myItemId" value="haytham" />
              <option name="myItemType" value="" />
            </PATH_ELEMENT>
            <PATH_ELEMENT>
              <option name="myItemId" value="r:45d8de88-ed91-4d57-9c1a-6fd957f9060b(haytham.projet.calculatrice.generator.template.main@generator) in IdeaFile[file:///home/haytham/MPSProjects/Calculatrice/languages/calculator/generator/template/main@generator.mps]" />
              <option name="myItemType" value="" />
            </PATH_ELEMENT>
          </PATH>
          <PATH>
            <PATH_ELEMENT>
              <option name="myItemId" value="Project" />
              <option name="myItemType" value="" />
            </PATH_ELEMENT>
            <PATH_ELEMENT>
              <option name="myItemId" value="26b3d6d5-b99a-4ed6-83be-d2ea6f3627a1(haytham.projet.calculatrice)" />
              <option name="myItemType" value="" />
            </PATH_ELEMENT>
            <PATH_ELEMENT>
              <option name="myItemId" value="haytham.projet.calculatrice#1241363159626" />
              <option name="myItemType" value="" />
            </PATH_ELEMENT>
            <PATH_ELEMENT>
              <option name="myItemId" value="haytham" />
              <option name="myItemType" value="" />
            </PATH_ELEMENT>
          </PATH>
          <PATH>
            <PATH_ELEMENT>
              <option name="myItemId" value="Project" />
              <option name="myItemType" value="" />
            </PATH_ELEMENT>
            <PATH_ELEMENT>
              <option name="myItemId" value="26b3d6d5-b99a-4ed6-83be-d2ea6f3627a1(haytham.projet.calculatrice)" />
              <option name="myItemType" value="" />
            </PATH_ELEMENT>
            <PATH_ELEMENT>
              <option name="myItemId" value="r:87765d2d-a756-4883-9acc-6a42e5bf6c23(haytham.projet.calculatrice.structure) in IdeaFile[file:///home/haytham/MPSProjects/Calculatrice/languages/calculator/languageModels/haytham.projet.calculatrice.structure.mps]" />
              <option name="myItemType" value="" />
            </PATH_ELEMENT>
            <PATH_ELEMENT>
              <option name="myItemId" value="1241362555920" />
              <option name="myItemType" value="" />
            </PATH_ELEMENT>
          </PATH>
          <PATH>
            <PATH_ELEMENT>
              <option name="myItemId" value="Project" />
              <option name="myItemType" value="" />
            </PATH_ELEMENT>
          </PATH>
          <PATH>
            <PATH_ELEMENT>
              <option name="myItemId" value="Project" />
              <option name="myItemType" value="" />
            </PATH_ELEMENT>
            <PATH_ELEMENT>
              <option name="myItemId" value="d61ee4a2-13e3-444d-80bd-e6ecf8be46d5" />
              <option name="myItemType" value="" />
            </PATH_ELEMENT>
          </PATH>
          <PATH>
            <PATH_ELEMENT>
              <option name="myItemId" value="Project" />
              <option name="myItemType" value="" />
            </PATH_ELEMENT>
            <PATH_ELEMENT>
              <option name="myItemId" value="26b3d6d5-b99a-4ed6-83be-d2ea6f3627a1(haytham.projet.calculatrice)" />
              <option name="myItemType" value="" />
            </PATH_ELEMENT>
          </PATH>
          <SELECTED>
            <PATH_ELEMENT>
              <option name="myItemId" value="Project" />
              <option name="myItemType" value="" />
            </PATH_ELEMENT>
            <PATH_ELEMENT>
              <option name="myItemId" value="26b3d6d5-b99a-4ed6-83be-d2ea6f3627a1(haytham.projet.calculatrice)" />
              <option name="myItemType" value="" />
            </PATH_ELEMENT>
            <PATH_ELEMENT>
              <option name="myItemId" value="r:fb9e85a1-15cf-45ea-8495-bd74b79ce90e(haytham.projet.calculatrice.editor) in IdeaFile[file:///home/haytham/MPSProjects/Calculatrice/languages/calculator/languageModels/haytham.projet.calculatrice.editor.mps]" />
              <option name="myItemType" value="" />
            </PATH_ELEMENT>
            <PATH_ELEMENT>
              <option name="myItemId" value="1241362569578" />
              <option name="myItemType" value="" />
            </PATH_ELEMENT>
          </SELECTED>
        </subPane>
      </pane>
    </panes>
  </component>
  <component name="PropertiesComponent">
    <property name="last_opened_file_path" value="$PROJECT_DIR$/../voicemenu-master" />
  </component>
  <component name="RunDashboard">
    <option name="ruleStates">
      <list>
        <RuleState>
          <option name="name" value="ConfigurationTypeDashboardGroupingRule" />
        </RuleState>
        <RuleState>
          <option name="name" value="StatusDashboardGroupingRule" />
        </RuleState>
      </list>
    </option>
  </component>
  <component name="RunManager" selected="Java Application.Node monSalaire">
    <configuration name="Tests in 'haytham.projet.calculatrice#1241363159626'" type="JUnit Tests" factoryName="JUnit Tests" temporary="true">
      <myJUnitSettings>
        <MyState>
          <option name="myModelRef" />
          <option name="myModuleRef" value="08449a34-9b3a-444f-ab50-306e3fd12e6d(haytham.projet.calculatrice#1241363159626)" />
          <option name="myInProcess" value="false" />
          <option name="myReuseCaches" value="true" />
          <option name="myOverrideCachesLocation" value="false" />
          <option name="myDebug" value="false" />
          <option name="myCachesPath" value="$USER_HOME$/.MPSJUnitRC/config0" />
          <option name="myTestCases">
            <list />
          </option>
          <option name="myTestMethods">
            <list />
          </option>
          <option name="myRunType" value="1" />
        </MyState>
      </myJUnitSettings>
      <myJavaRunParameters>
        <MyState>
          <option name="myJavaParameters">
            <JavaRunParameters>
              <option name="jrePath" />
              <option name="programParameters" />
              <option name="useAlternativeJre" value="false" />
              <option name="vmOptions" />
              <option name="workingDirectory" value="$APPLICATION_HOME_DIR$/bin" />
            </JavaRunParameters>
          </option>
        </MyState>
      </myJavaRunParameters>
      <myDeploySettings>
        <MyState>
          <option name="myPluginsToDeploy">
            <list />
          </option>
        </MyState>
      </myDeploySettings>
      <method v="2">
        <option name="jetbrains.mps.execution.configurations.pluginSolution.plugin.MakeNodePointers_BeforeTask" enabled="true" />
        <option name="jetbrains.mps.execution.configurations.implementation.plugin.plugin.AssemblePluginsBeforeTask_BeforeTask" enabled="true" />
      </method>
    </configuration>
    <configuration name="Tests in 'haytham.projet.calculatrice.sandbox'" type="JUnit Tests" factoryName="JUnit Tests" temporary="true">
      <myJUnitSettings>
        <MyState>
          <option name="myModelRef" />
          <option name="myModuleRef" value="d61ee4a2-13e3-444d-80bd-e6ecf8be46d5(haytham.projet.calculatrice.sandbox)" />
          <option name="myInProcess" value="false" />
          <option name="myReuseCaches" value="true" />
          <option name="myOverrideCachesLocation" value="false" />
          <option name="myDebug" value="false" />
          <option name="myCachesPath" value="$USER_HOME$/.MPSJUnitRC/config0" />
          <option name="myTestCases">
            <list />
          </option>
          <option name="myTestMethods">
            <list />
          </option>
          <option name="myRunType" value="1" />
        </MyState>
      </myJUnitSettings>
      <myJavaRunParameters>
        <MyState>
          <option name="myJavaParameters">
            <JavaRunParameters>
              <option name="jrePath" />
              <option name="programParameters" />
              <option name="useAlternativeJre" value="false" />
              <option name="vmOptions" />
              <option name="workingDirectory" value="$APPLICATION_HOME_DIR$/bin" />
            </JavaRunParameters>
          </option>
        </MyState>
      </myJavaRunParameters>
      <myDeploySettings>
        <MyState>
          <option name="myPluginsToDeploy">
            <list />
          </option>
        </MyState>
      </myDeploySettings>
      <method v="2">
        <option name="jetbrains.mps.execution.configurations.pluginSolution.plugin.MakeNodePointers_BeforeTask" enabled="true" />
        <option name="jetbrains.mps.execution.configurations.implementation.plugin.plugin.AssemblePluginsBeforeTask_BeforeTask" enabled="true" />
      </method>
    </configuration>
    <configuration name="Tests in 'haytham.projet.calculatrice.sandbox.sandbox'" type="JUnit Tests" factoryName="JUnit Tests" temporary="true">
      <myJUnitSettings>
        <MyState>
          <option name="myModelRef" value="r:1ce92b75-a0c5-43f1-a14e-cfe3b58c4978(haytham.projet.calculatrice.sandbox.sandbox)" />
          <option name="myModuleRef" value="d61ee4a2-13e3-444d-80bd-e6ecf8be46d5(haytham.projet.calculatrice.sandbox)" />
          <option name="myInProcess" value="false" />
          <option name="myReuseCaches" value="true" />
          <option name="myOverrideCachesLocation" value="false" />
          <option name="myDebug" value="false" />
          <option name="myCachesPath" value="$USER_HOME$/.MPSJUnitRC/config0" />
          <option name="myTestCases">
            <list />
          </option>
          <option name="myTestMethods">
            <list />
          </option>
          <option name="myRunType" value="2" />
        </MyState>
      </myJUnitSettings>
      <myJavaRunParameters>
        <MyState>
          <option name="myJavaParameters">
            <JavaRunParameters>
              <option name="jrePath" value="/usr/lib/java" />
              <option name="programParameters" value="" />
              <option name="useAlternativeJre" value="false" />
              <option name="vmOptions" value="" />
              <option name="workingDirectory" value="$APPLICATION_HOME_DIR$/bin" />
            </JavaRunParameters>
          </option>
        </MyState>
      </myJavaRunParameters>
      <myDeploySettings>
        <MyState>
          <option name="myPluginsToDeploy">
            <list />
          </option>
        </MyState>
      </myDeploySettings>
      <method v="2">
        <option name="jetbrains.mps.execution.configurations.pluginSolution.plugin.MakeNodePointers_BeforeTask" enabled="true" />
        <option name="jetbrains.mps.execution.configurations.implementation.plugin.plugin.AssemblePluginsBeforeTask_BeforeTask" enabled="true" />
      </method>
    </configuration>
    <configuration name="Node monSalaire" type="Java Application" factoryName="Java" temporary="true">
      <myNode>
        <MyState>
          <option name="myNodePointer" value="r:45d8de88-ed91-4d57-9c1a-6fd957f9060b(haytham.projet.calculatrice.generator.template.main@generator)/1241363184176" />
          <option name="myNodeText" value="haytham.projet.calculatrice.generator.template.main.CalculatorImpl" />
        </MyState>
      </myNode>
      <myRunParameters>
        <MyState>
          <option name="myJavaParameters">
            <JavaRunParameters>
              <option name="jrePath" value="" />
              <option name="programParameters" value="" />
              <option name="useAlternativeJre" value="false" />
              <option name="vmOptions" value="" />
              <option name="workingDirectory" value="$APPLICATION_HOME_DIR$/bin" />
            </JavaRunParameters>
          </option>
        </MyState>
      </myRunParameters>
      <method v="2">
        <option name="jetbrains.mps.execution.configurations.pluginSolution.plugin.MakeNodePointers_BeforeTask" enabled="true" />
      </method>
    </configuration>
    <configuration name="Node monSalaire" type="Java Application" factoryName="Java" temporary="true">
      <myNode>
        <MyState>
          <option name="myNodePointer" value="r:1ce92b75-a0c5-43f1-a14e-cfe3b58c4978(haytham.projet.calculatrice.sandbox.sandbox)/1241366278147" />
          <option name="myNodeText" value="haytham.projet.calculatrice.sandbox.sandbox.monSalaire" />
        </MyState>
      </myNode>
      <myRunParameters>
        <MyState>
          <option name="myJavaParameters">
            <JavaRunParameters>
              <option name="jrePath" value="" />
              <option name="programParameters" value="" />
              <option name="useAlternativeJre" value="false" />
              <option name="vmOptions" value="" />
              <option name="workingDirectory" value="$APPLICATION_HOME_DIR$/bin" />
            </JavaRunParameters>
          </option>
        </MyState>
      </myRunParameters>
      <method v="2">
        <option name="jetbrains.mps.execution.configurations.pluginSolution.plugin.MakeNodePointers_BeforeTask" enabled="true" />
      </method>
    </configuration>
    <list>
      <item itemvalue="Java Application.Node monSalaire" />
      <item itemvalue="JUnit Tests.Tests in 'haytham.projet.calculatrice#1241363159626'" />
      <item itemvalue="JUnit Tests.Tests in 'haytham.projet.calculatrice.sandbox'" />
      <item itemvalue="JUnit Tests.Tests in 'haytham.projet.calculatrice.sandbox.sandbox'" />
    </list>
    <recent_temporary>
      <list>
        <item itemvalue="Java Application.Node monSalaire" />
        <item itemvalue="Java Application.Node monSalaire" />
        <item itemvalue="JUnit Tests.Tests in 'haytham.projet.calculatrice.sandbox.sandbox'" />
        <item itemvalue="JUnit Tests.Tests in 'haytham.projet.calculatrice.sandbox'" />
        <item itemvalue="JUnit Tests.Tests in 'haytham.projet.calculatrice#1241363159626'" />
      </list>
    </recent_temporary>
  </component>
  <component name="SvnConfiguration">
    <configuration />
  </component>
  <component name="ToolWindowManager">
    <frame x="0" y="27" width="1600" height="873" extended-state="6" />
    <layout>
      <window_info active="true" content_ui="combo" id="Project" order="0" visible="true" weight="0.2792793" />
      <window_info id="Structure" order="1" side_tool="true" weight="0.25" />
      <window_info anchor="bottom" id="Message" order="0" />
      <window_info anchor="bottom" id="Find" order="1" />
      <window_info anchor="bottom" id="Run" order="2" weight="0.3298292" />
      <window_info anchor="bottom" id="Debug" order="3" weight="0.4" />
      <window_info anchor="bottom" id="Cvs" order="4" weight="0.25" />
      <window_info anchor="bottom" id="Inspection" order="5" weight="0.4" />
      <window_info anchor="bottom" id="TODO" order="6" />
      <window_info anchor="bottom" id="Model Checker" order="7" sideWeight="0.4993565" weight="0.3298292" />
      <window_info anchor="bottom" id="Bookmarks" order="8" />
      <window_info anchor="bottom" id="Migration" order="9" />
      <window_info anchor="bottom" id="Menu Trace" order="10" />
      <window_info anchor="bottom" id="Terminal" order="11" />
      <window_info anchor="bottom" id="Event Log" order="12" side_tool="true" weight="0.3298292" />
      <window_info anchor="bottom" id="Classpath Explorer" order="13" />
      <window_info anchor="bottom" id="Usages" order="14" sideWeight="0.4993565" weight="0.3298292" />
      <window_info anchor="bottom" id="Node Explorer" order="15" />
      <window_info anchor="bottom" id="Module Dependencies" order="16" />
      <window_info anchor="bottom" id="Version Control" order="17" />
      <window_info anchor="bottom" id="Generation Tracer" order="18" />
      <window_info anchor="bottom" id="Cell Explorer" order="19" />
      <window_info anchor="bottom" id="Messages" order="20" sideWeight="0.498713" weight="0.3298292" />
      <window_info anchor="bottom" id="Console" order="21" />
      <window_info anchor="bottom" id="RefactoringView" order="22" />
      <window_info anchor="bottom" id="Inspector" order="23" sideWeight="0.501287" side_tool="true" weight="0.3298292" />
      <window_info anchor="bottom" id="Dependencies Viewer" order="24" />
      <window_info anchor="right" id="Commander" internal_type="SLIDING" order="0" type="SLIDING" weight="0.4" />
      <window_info anchor="right" id="Ant Build" order="1" weight="0.25" />
      <window_info anchor="right" content_ui="combo" id="Hierarchy" order="2" weight="0.25" />
      <window_info anchor="right" id="Class Hierarchy" order="3" />
      <window_info anchor="right" id="Typesystem Trace" order="4" />
      <window_info anchor="right" id="Supertypes" order="5" />
      <window_info anchor="right" id="Context Actions" order="6" weight="0.32947233" />
    </layout>
  </component>
  <component name="UsagesViewTool">
    <version id="1" />
    <tabs />
    <default_view_options>
      <options category_option="false" module_option="true" model_option="true" root_option="true" path_option="false" count_option="true" info_option="true" view_searched_nodes_option="true" group_searched_nodes_option="true" autoscroll_option="false" />
    </default_view_options>
  </component>
  <component name="editorHistoryManager">
    <entry file="mps://node://jetbrains.mps.calculator/jetbrains.mps.calculator.structure/InputField" />
    <entry file="mps://node://jetbrains.mps.calculator.sandbox/jetbrains.mps.calculator.sandbox.sandbox/mySalary" />
    <entry file="mps://node://haytham.projet.calculatrice.sandbox/haytham.projet.calculatrice.sandbox.sandbox/&lt;no name&gt;[Calculator]" />
    <entry file="mps://node://jetbrains.mps.calculator#1241363159626/jetbrains.mps.calculator.generator.template.main@generator/main" />
    <entry file="mps://node://haytham.projet.calculatrice.sandbox/haytham.projet.calculatrice.sandbox.sandbox/mySalary (concept is not found)" />
    <entry file="mps://node://jetbrains.mps.calculator/jetbrains.mps.calculator.structure/Calculator" />
    <entry file="mps://node://haytham.projet.calculatrice#1241363159626/haytham.projet.calculatrice.generator.template.main@generator/main">
      <provider selected="true" editor-type-id="MPSFileEditor">
        <state class="jetbrains.mps.ide.editor.BaseNodeEditor$BaseEditorState" editorFocused="true">
          <memento saveSessionState="false" viewPositionX="0" viewPositionY="0">
            <selectionStack>
              <stackElement className="jetbrains.mps.nodeEditor.selection.EditorCellLabelSelection">
                <property name="hasNonTrivialSelection" value="false" />
                <property name="caretX" value="191" />
                <property name="caretXRelative" value="0" />
                <property name="sideSelectDirection" value="NONE" />
                <cellInfo cellId="property_name">
                  <node node_reference="r:45d8de88-ed91-4d57-9c1a-6fd957f9060b(haytham.projet.calculatrice.generator.template.main@generator)/1241363163940" />
                </cellInfo>
              </stackElement>
            </selectionStack>
            <errorMarkers />
            <transactionalProperties />
            <foldable>
              <collapsedElement isCollapsed="false">
                <cellIdElement cellId="refNodeList_dropAttrubuteRule">
                  <node node_reference="r:45d8de88-ed91-4d57-9c1a-6fd957f9060b(haytham.projet.calculatrice.generator.template.main@generator)/1241363163940" />
                </cellIdElement>
              </collapsedElement>
            </foldable>
            <restoreAlways />
          </memento>
          <inspectorMemento currentlyEditedNode="r:45d8de88-ed91-4d57-9c1a-6fd957f9060b(haytham.projet.calculatrice.generator.template.main@generator)/1241363163940" saveSessionState="false" viewPositionX="0" viewPositionY="0">
            <selectionStack />
            <errorMarkers />
            <transactionalProperties />
            <foldable />
            <restoreAlways />
            <enabledHints />
          </inspectorMemento>
        </state>
      </provider>
    </entry>
    <entry file="mps://node://haytham.projet.calculatrice/haytham.projet.calculatrice.structure/InputField">
      <provider selected="true" editor-type-id="MPSFileEditor">
        <state class="jetbrains.mps.ide.editor.tabs.TabbedEditor$TabbedEditorState" editorFocused="true">
          <memento saveSessionState="false" viewPositionX="0" viewPositionY="0">
            <selectionStack>
              <stackElement className="jetbrains.mps.nodeEditor.selection.EditorCellLabelSelection">
                <property name="hasNonTrivialSelection" value="false" />
                <property name="caretX" value="71" />
                <property name="caretXRelative" value="56" />
                <property name="sideSelectDirection" value="NONE" />
                <cellInfo cellId="Constant_ueqr71_c0a">
                  <node node_reference="r:87765d2d-a756-4883-9acc-6a42e5bf6c23(haytham.projet.calculatrice.structure)/1241362608529" />
                </cellInfo>
              </stackElement>
            </selectionStack>
            <errorMarkers />
            <transactionalProperties />
            <foldable />
            <restoreAlways />
          </memento>
          <inspectorMemento currentlyEditedNode="r:87765d2d-a756-4883-9acc-6a42e5bf6c23(haytham.projet.calculatrice.structure)/1241362608529" saveSessionState="false" viewPositionX="0" viewPositionY="0">
            <selectionStack />
            <errorMarkers />
            <transactionalProperties />
            <foldable />
            <restoreAlways />
            <enabledHints />
          </inspectorMemento>
          <node node_ref="r:87765d2d-a756-4883-9acc-6a42e5bf6c23(haytham.projet.calculatrice.structure)/1241362608529" />
        </state>
      </provider>
    </entry>
    <entry file="mps://node://haytham.projet.calculatrice/haytham.projet.calculatrice.structure/InputFieldReference">
      <provider selected="true" editor-type-id="MPSFileEditor">
        <state class="jetbrains.mps.ide.editor.tabs.TabbedEditor$TabbedEditorState" editorFocused="true">
          <memento saveSessionState="false" viewPositionX="0" viewPositionY="0">
            <selectionStack>
              <stackElement className="jetbrains.mps.nodeEditor.selection.EditorCellLabelSelection">
                <property name="hasNonTrivialSelection" value="false" />
                <property name="caretX" value="71" />
                <property name="caretXRelative" value="56" />
                <property name="sideSelectDirection" value="NONE" />
                <cellInfo cellId="Constant_ueqr71_c0a">
                  <node node_reference="r:87765d2d-a756-4883-9acc-6a42e5bf6c23(haytham.projet.calculatrice.structure)/1241363083334" />
                </cellInfo>
              </stackElement>
            </selectionStack>
            <errorMarkers />
            <transactionalProperties />
            <foldable />
            <restoreAlways />
          </memento>
          <inspectorMemento currentlyEditedNode="r:87765d2d-a756-4883-9acc-6a42e5bf6c23(haytham.projet.calculatrice.structure)/1241363083334" saveSessionState="false" viewPositionX="0" viewPositionY="0">
            <selectionStack />
            <errorMarkers />
            <transactionalProperties />
            <foldable />
            <restoreAlways />
            <enabledHints />
          </inspectorMemento>
          <node node_ref="r:87765d2d-a756-4883-9acc-6a42e5bf6c23(haytham.projet.calculatrice.structure)/1241363083334" />
        </state>
      </provider>
    </entry>
    <entry file="mps://node://haytham.projet.calculatrice/haytham.projet.calculatrice.structure/OutputField">
      <provider selected="true" editor-type-id="MPSFileEditor">
        <state class="jetbrains.mps.ide.editor.tabs.TabbedEditor$TabbedEditorState" editorFocused="true">
          <memento saveSessionState="false" viewPositionX="0" viewPositionY="0">
            <selectionStack>
              <stackElement className="jetbrains.mps.nodeEditor.selection.EditorCellLabelSelection">
                <property name="hasNonTrivialSelection" value="false" />
                <property name="caretX" value="71" />
                <property name="caretXRelative" value="56" />
                <property name="sideSelectDirection" value="NONE" />
                <cellInfo cellId="Constant_ueqr71_c0a">
                  <node node_reference="r:87765d2d-a756-4883-9acc-6a42e5bf6c23(haytham.projet.calculatrice.structure)/1241362815640" />
                </cellInfo>
              </stackElement>
            </selectionStack>
            <errorMarkers />
            <transactionalProperties />
            <foldable />
            <restoreAlways />
          </memento>
          <inspectorMemento currentlyEditedNode="r:87765d2d-a756-4883-9acc-6a42e5bf6c23(haytham.projet.calculatrice.structure)/1241362815640" saveSessionState="false" viewPositionX="0" viewPositionY="0">
            <selectionStack />
            <errorMarkers />
            <transactionalProperties />
            <foldable />
            <restoreAlways />
            <enabledHints />
          </inspectorMemento>
          <node node_ref="r:87765d2d-a756-4883-9acc-6a42e5bf6c23(haytham.projet.calculatrice.structure)/1241362815640" />
        </state>
      </provider>
    </entry>
    <entry file="mps://node://haytham.projet.calculatrice.sandbox/haytham.projet.calculatrice.sandbox.sandbox/monSalaire">
      <provider selected="true" editor-type-id="MPSFileEditor">
        <state class="jetbrains.mps.ide.editor.BaseNodeEditor$BaseEditorState">
          <memento saveSessionState="false" viewPositionX="0" viewPositionY="0">
            <selectionStack>
              <stackElement className="jetbrains.mps.nodeEditor.selection.EditorCellLabelSelection">
                <property name="hasNonTrivialSelection" value="false" />
                <property name="caretX" value="131" />
                <property name="caretXRelative" value="64" />
                <property name="sideSelectDirection" value="NONE" />
                <cellInfo cellId="property_name">
                  <node node_reference="r:1ce92b75-a0c5-43f1-a14e-cfe3b58c4978(haytham.projet.calculatrice.sandbox.sandbox)/1241370251129" />
                </cellInfo>
              </stackElement>
            </selectionStack>
            <errorMarkers />
            <transactionalProperties />
            <foldable />
            <restoreAlways />
          </memento>
          <inspectorMemento currentlyEditedNode="r:fb9e85a1-15cf-45ea-8495-bd74b79ce90e(haytham.projet.calculatrice.editor)/1241362569578" saveSessionState="false" viewPositionX="0" viewPositionY="0">
            <selectionStack />
            <errorMarkers />
            <transactionalProperties />
            <foldable />
            <restoreAlways />
            <enabledHints />
          </inspectorMemento>
        </state>
      </provider>
    </entry>
    <entry file="mps://node://haytham.projet.calculatrice/haytham.projet.calculatrice.structure/Calculator">
      <provider selected="true" editor-type-id="MPSFileEditor">
        <state class="jetbrains.mps.ide.editor.tabs.TabbedEditor$TabbedEditorState">
          <memento saveSessionState="false" viewPositionX="0" viewPositionY="0">
            <selectionStack>
              <stackElement className="jetbrains.mps.nodeEditor.selection.EditorCellLabelSelection">
                <property name="hasNonTrivialSelection" value="false" />
                <property name="caretX" value="327" />
                <property name="caretXRelative" value="80" />
                <property name="sideSelectDirection" value="NONE" />
                <cellInfo cellId="property_name">
                  <node node_reference="r:fb9e85a1-15cf-45ea-8495-bd74b79ce90e(haytham.projet.calculatrice.editor)/1241362569578" />
                </cellInfo>
              </stackElement>
            </selectionStack>
            <errorMarkers />
            <transactionalProperties />
            <foldable />
            <restoreAlways />
          </memento>
          <inspectorMemento currentlyEditedNode="r:fb9e85a1-15cf-45ea-8495-bd74b79ce90e(haytham.projet.calculatrice.editor)/1241362569578" saveSessionState="false" viewPositionX="0" viewPositionY="0">
            <selectionStack />
            <errorMarkers />
            <transactionalProperties />
            <foldable />
            <restoreAlways />
            <enabledHints />
          </inspectorMemento>
          <node node_ref="r:fb9e85a1-15cf-45ea-8495-bd74b79ce90e(haytham.projet.calculatrice.editor)/1241362569578" />
        </state>
      </provider>
    </entry>
  </component>
</project>